                  epoch,         train/box_loss,         train/cls_loss,         train/dfl_loss,   metrics/precision(B),      metrics/recall(B),       metrics/mAP50(B),    metrics/mAP50-95(B),           val/box_loss,           val/cls_loss,           val/dfl_loss,                 lr/pg0,                 lr/pg1,                 lr/pg2
                      1,                 1.5248,                 1.4478,                 1.0717,                0.46529,                0.26948,                0.26084,                0.14008,                 1.4625,                 1.0267,                 1.0335,               0.070027,              0.0033303,              0.0033303
                      2,                 1.4655,                 1.0506,                 1.0436,                0.51454,                  0.293,                0.28231,                0.14819,                 1.4408,                 1.0098,                  1.023,               0.039962,              0.0065976,              0.0065976
                      3,                 1.4744,                 1.0271,                 1.0431,                 0.4879,                0.28248,                0.26796,                0.13902,                 1.4715,                0.98533,                 1.0285,              0.0098295,               0.009799,               0.009799
                      4,                 1.4553,                 0.9847,                 1.0354,                0.51935,                0.31265,                0.30499,                0.16167,                 1.4022,                0.90634,                 1.0068,               0.009703,               0.009703,               0.009703
                      5,                 1.4202,                0.93543,                 1.0216,                0.45634,                0.32396,                0.33187,                 0.1777,                 1.3709,                0.85606,                0.99768,               0.009604,               0.009604,               0.009604
                      6,                 1.4001,                0.91006,                 1.0135,                0.58458,                0.35273,                0.36635,                0.19583,                  1.343,                0.81652,                 0.9815,               0.009505,               0.009505,               0.009505
                      7,                 1.3855,                0.89295,                 1.0087,                 0.5931,                0.35948,                0.37807,                0.20414,                 1.3282,                0.79942,                0.97621,               0.009406,               0.009406,               0.009406
                      8,                 1.3767,                0.87968,                 1.0045,                0.60665,                0.36903,                 0.3866,                0.20972,                 1.3187,                0.78309,                0.97237,               0.009307,               0.009307,               0.009307
                      9,                 1.3693,                 0.8708,                 1.0017,                0.60679,                0.37293,                0.39518,                0.21579,                 1.3062,                0.77218,                0.96834,               0.009208,               0.009208,               0.009208
                     10,                 1.3644,                0.86333,                0.99801,                0.63661,                0.37305,                0.40635,                0.22204,                 1.3026,                0.76237,                0.96503,               0.009109,               0.009109,               0.009109
                     11,                 1.3572,                0.85741,                0.99625,                0.62823,                0.37793,                0.40851,                0.22427,                 1.2964,                0.75748,                0.96277,                0.00901,                0.00901,                0.00901
                     12,                 1.3531,                0.85367,                0.99484,                0.63579,                0.38028,                0.41153,                0.22634,                 1.2927,                0.75176,                0.96216,               0.008911,               0.008911,               0.008911
                     13,                   1.35,                0.84804,                0.99295,                0.64816,                0.37854,                 0.4149,                0.22849,                 1.2897,                0.74718,                0.96007,               0.008812,               0.008812,               0.008812
                     14,                 1.3459,                0.84307,                0.99147,                0.64626,                0.38467,                0.41906,                0.23131,                 1.2879,                0.74446,                0.95963,               0.008713,               0.008713,               0.008713
                     15,                 1.3437,                0.84217,                0.99116,                0.64815,                0.38633,                0.42119,                0.23221,                 1.2864,                0.74202,                0.95885,               0.008614,               0.008614,               0.008614
                     16,                  1.343,                0.83927,                0.99038,                0.65081,                0.38822,                 0.4231,                0.23318,                 1.2852,                0.74005,                0.95842,               0.008515,               0.008515,               0.008515
                     17,                 1.3388,                0.83436,                0.98807,                0.64633,                0.39076,                0.42416,                 0.2341,                 1.2838,                 0.7383,                0.95781,               0.008416,               0.008416,               0.008416
                     18,                 1.3381,                0.83304,                 0.9883,                0.64213,                0.39032,                0.42483,                0.23446,                 1.2829,                0.73693,                0.95723,               0.008317,               0.008317,               0.008317
                     19,                 1.3353,                0.83004,                0.98731,                0.64522,                0.39146,                0.42663,                0.23543,                 1.2821,                0.73571,                0.95681,               0.008218,               0.008218,               0.008218
                     20,                 1.3336,                0.82778,                0.98566,                0.64433,                0.39324,                0.42714,                 0.2358,                 1.2813,                0.73446,                0.95651,               0.008119,               0.008119,               0.008119
                     21,                 1.3326,                0.82726,                0.98609,                0.64766,                0.39135,                0.42805,                0.23623,                 1.2807,                0.73365,                0.95623,                0.00802,                0.00802,                0.00802
                     22,                 1.3293,                0.82407,                0.98499,                0.64987,                0.39149,                0.42904,                0.23676,                 1.2801,                0.73279,                0.95599,               0.007921,               0.007921,               0.007921
                     23,                 1.3279,                 0.8225,                0.98412,                 0.6453,                0.39546,                0.42973,                0.23738,                 1.2793,                0.73183,                0.95557,               0.007822,               0.007822,               0.007822
                     24,                 1.3274,                0.82044,                0.98383,                0.64803,                 0.3941,                0.43059,                 0.2379,                 1.2784,                0.73091,                0.95514,               0.007723,               0.007723,               0.007723
                     25,                 1.3269,                0.82013,                0.98347,                0.64909,                0.39458,                0.43133,                0.23854,                 1.2777,                0.73019,                0.95481,               0.007624,               0.007624,               0.007624
                     26,                 1.3246,                0.81831,                 0.9829,                0.65326,                0.39303,                0.43211,                0.23899,                 1.2773,                0.72936,                0.95453,               0.007525,               0.007525,               0.007525
                     27,                  1.321,                0.81523,                0.98136,                0.65562,                0.39204,                0.43269,                0.23931,                 1.2767,                0.72865,                0.95428,               0.007426,               0.007426,               0.007426
                     28,                 1.3219,                0.81459,                0.98122,                0.65723,                0.39211,                0.43318,                0.23979,                 1.2761,                0.72783,                0.95397,               0.007327,               0.007327,               0.007327
                     29,                 1.3226,                0.81416,                0.98159,                0.65502,                0.39426,                0.43349,                0.24028,                 1.2757,                0.72714,                0.95363,               0.007228,               0.007228,               0.007228
                     30,                 1.3185,                0.81224,                0.98018,                0.65764,                0.39434,                0.43454,                0.24063,                 1.2752,                0.72638,                0.95329,               0.007129,               0.007129,               0.007129
                     31,                 1.3178,                0.81097,                0.98011,                0.66159,                0.39428,                0.43521,                0.24086,                 1.2747,                0.72578,                0.95295,                0.00703,                0.00703,                0.00703
                     32,                  1.316,                0.80885,                0.97926,                0.66402,                0.39465,                0.43622,                0.24127,                 1.2743,                0.72508,                0.95267,               0.006931,               0.006931,               0.006931
                     33,                 1.3162,                0.80789,                0.97822,                0.67062,                0.39262,                0.43673,                0.24181,                 1.2738,                0.72449,                0.95227,               0.006832,               0.006832,               0.006832
                     34,                 1.3137,                0.80666,                 0.9788,                0.67063,                0.39303,                0.43748,                0.24206,                 1.2733,                0.72369,                0.95204,               0.006733,               0.006733,               0.006733
                     35,                 1.3136,                0.80476,                0.97813,                0.66571,                0.39469,                0.43777,                0.24238,                 1.2727,                0.72307,                0.95174,               0.006634,               0.006634,               0.006634
                     36,                 1.3143,                0.80541,                0.97708,                0.66704,                0.39486,                0.43855,                0.24287,                  1.272,                0.72232,                0.95124,               0.006535,               0.006535,               0.006535
                     37,                 1.3102,                0.80244,                0.97705,                0.66739,                0.39673,                 0.4396,                0.24346,                 1.2712,                0.72163,                0.95084,               0.006436,               0.006436,               0.006436
                     38,                 1.3102,                0.80081,                 0.9767,                0.66455,                0.39855,                0.43998,                0.24397,                 1.2704,                0.72099,                0.95053,               0.006337,               0.006337,               0.006337
                     39,                 1.3113,                0.80297,                0.97691,                0.66882,                0.39666,                 0.4403,                0.24438,                 1.2698,                0.72033,                0.95021,               0.006238,               0.006238,               0.006238
                     40,                 1.3078,                0.80088,                0.97585,                0.67008,                0.39768,                0.44119,                0.24492,                 1.2692,                0.71984,                0.94991,               0.006139,               0.006139,               0.006139
                     41,                 1.3092,                0.79908,                0.97621,                0.66525,                0.39913,                0.44194,                0.24537,                 1.2688,                0.71932,                0.94967,                0.00604,                0.00604,                0.00604
                     42,                 1.3068,                0.79897,                0.97546,                0.66422,                0.39994,                0.44243,                0.24553,                 1.2682,                0.71877,                0.94939,               0.005941,               0.005941,               0.005941
                     43,                 1.3061,                0.79701,                0.97487,                0.66484,                0.40086,                0.44331,                0.24561,                 1.2676,                0.71813,                0.94907,               0.005842,               0.005842,               0.005842
                     44,                 1.3061,                0.79663,                0.97466,                0.66524,                0.40068,                0.44386,                 0.2461,                 1.2673,                0.71746,                0.94875,               0.005743,               0.005743,               0.005743
                     45,                 1.3052,                0.79574,                0.97364,                0.66763,                0.40112,                0.44456,                0.24647,                 1.2667,                0.71685,                0.94833,               0.005644,               0.005644,               0.005644
                     46,                 1.3026,                0.79434,                0.97382,                0.66925,                0.40117,                0.44443,                0.24686,                 1.2663,                0.71652,                0.94814,               0.005545,               0.005545,               0.005545
                     47,                 1.3017,                0.79213,                0.97314,                0.66391,                0.40466,                0.44528,                0.24746,                 1.2658,                0.71593,                0.94777,               0.005446,               0.005446,               0.005446
                     48,                 1.3015,                0.79167,                0.97256,                0.66887,                0.40318,                0.44578,                0.24766,                 1.2654,                0.71542,                0.94751,               0.005347,               0.005347,               0.005347
                     49,                 1.3005,                0.79043,                0.97274,                0.66939,                0.40382,                0.44623,                0.24797,                  1.265,                0.71513,                0.94726,               0.005248,               0.005248,               0.005248
                     50,                 1.2993,                0.79035,                0.97198,                0.67158,                0.40307,                0.44667,                0.24817,                 1.2646,                 0.7145,                0.94693,               0.005149,               0.005149,               0.005149
                     51,                 1.2994,                0.78878,                0.97167,                0.67385,                0.40323,                0.44699,                0.24832,                 1.2641,                0.71392,                0.94663,                0.00505,                0.00505,                0.00505
                     52,                 1.2983,                0.78778,                0.97181,                0.67124,                0.40488,                0.44748,                0.24852,                 1.2637,                0.71351,                0.94632,               0.004951,               0.004951,               0.004951
                     53,                 1.2954,                0.78532,                0.97103,                 0.6708,                 0.4065,                0.44806,                0.24886,                 1.2632,                0.71288,                0.94605,               0.004852,               0.004852,               0.004852
                     54,                 1.2954,                0.78577,                0.97021,                0.67188,                0.40663,                0.44836,                0.24912,                 1.2626,                0.71236,                0.94565,               0.004753,               0.004753,               0.004753
                     55,                 1.2955,                0.78534,                0.96979,                0.67364,                0.40556,                0.44859,                0.24933,                 1.2621,                0.71175,                0.94536,               0.004654,               0.004654,               0.004654
                     56,                 1.2944,                0.78246,                0.97016,                0.67578,                0.40616,                0.44914,                0.24958,                 1.2618,                0.71129,                0.94516,               0.004555,               0.004555,               0.004555
                     57,                 1.2925,                0.78214,                0.96914,                0.67359,                0.40846,                0.44964,                0.25008,                 1.2614,                0.71089,                 0.9448,               0.004456,               0.004456,               0.004456
                     58,                 1.2932,                0.78174,                0.96979,                0.67522,                0.40656,                0.45016,                0.25017,                 1.2611,                0.71063,                0.94453,               0.004357,               0.004357,               0.004357
                     59,                 1.2897,                0.77827,                0.96824,                0.67433,                0.40957,                0.45066,                0.25061,                 1.2607,                0.71021,                0.94432,               0.004258,               0.004258,               0.004258
                     60,                 1.2901,                0.77979,                0.96839,                0.67862,                0.40802,                0.45145,                 0.2509,                 1.2601,                0.70978,                0.94403,               0.004159,               0.004159,               0.004159
                     61,                 1.2877,                0.77695,                0.96782,                0.67711,                0.40935,                0.45172,                0.25133,                 1.2597,                0.70952,                0.94371,                0.00406,                0.00406,                0.00406
                     62,                 1.2881,                0.77576,                0.96702,                0.67422,                0.41095,                0.45238,                 0.2518,                 1.2592,                0.70904,                0.94342,               0.003961,               0.003961,               0.003961
                     63,                 1.2868,                0.77567,                0.96689,                0.67587,                0.40967,                0.45301,                0.25202,                 1.2588,                0.70867,                0.94306,               0.003862,               0.003862,               0.003862
                     64,                  1.285,                0.77355,                0.96589,                 0.6731,                0.41145,                0.45369,                0.25224,                 1.2586,                 0.7082,                0.94285,               0.003763,               0.003763,               0.003763
                     65,                 1.2849,                0.77347,                0.96657,                 0.6716,                0.41293,                0.45366,                0.25265,                 1.2582,                0.70774,                0.94271,               0.003664,               0.003664,               0.003664
                     66,                  1.284,                0.77066,                 0.9658,                0.66867,                0.41411,                0.45409,                0.25273,                 1.2577,                0.70734,                0.94258,               0.003565,               0.003565,               0.003565
                     67,                 1.2827,                0.77026,                0.96532,                0.67042,                0.41495,                0.45473,                0.25337,                 1.2571,                0.70691,                0.94229,               0.003466,               0.003466,               0.003466
                     68,                 1.2802,                0.76645,                0.96469,                0.67036,                0.41416,                0.45528,                 0.2537,                 1.2567,                0.70646,                0.94209,               0.003367,               0.003367,               0.003367
                     69,                 1.2807,                0.76805,                0.96436,                0.66992,                0.41439,                0.45547,                0.25395,                 1.2564,                0.70609,                0.94184,               0.003268,               0.003268,               0.003268
                     70,                 1.2789,                0.76614,                0.96357,                0.67412,                0.41271,                0.45604,                0.25393,                 1.2558,                0.70563,                0.94148,               0.003169,               0.003169,               0.003169
                     71,                 1.2769,                0.76376,                0.96282,                0.67352,                0.41468,                0.45721,                0.25438,                 1.2555,                0.70526,                0.94127,                0.00307,                0.00307,                0.00307
                     72,                 1.2759,                 0.7624,                0.96318,                0.67225,                 0.4151,                0.45743,                0.25471,                 1.2552,                0.70501,                0.94109,               0.002971,               0.002971,               0.002971
                     73,                 1.2762,                0.76233,                  0.963,                0.57231,                 0.4167,                0.45815,                0.25508,                 1.2548,                0.70476,                0.94082,               0.002872,               0.002872,               0.002872
                     74,                 1.2736,                0.76115,                0.96251,                0.57327,                0.41617,                 0.4581,                0.25514,                 1.2543,                0.70431,                0.94054,               0.002773,               0.002773,               0.002773
                     75,                 1.2735,                0.75974,                0.96216,                0.57369,                0.41605,                0.45827,                0.25545,                 1.2539,                0.70396,                0.94035,               0.002674,               0.002674,               0.002674
                     76,                 1.2708,                0.75681,                0.96093,                0.57233,                0.41597,                0.45863,                0.25581,                 1.2535,                0.70355,                0.94016,               0.002575,               0.002575,               0.002575
                     77,                 1.2704,                0.75562,                  0.961,                0.57232,                0.41767,                0.45911,                0.25571,                 1.2532,                0.70319,                0.94004,               0.002476,               0.002476,               0.002476
                     78,                 1.2696,                0.75459,                0.96003,                0.57548,                 0.4156,                 0.4597,                0.25597,                 1.2528,                0.70286,                 0.9398,               0.002377,               0.002377,               0.002377
                     79,                 1.2671,                0.75327,                0.95924,                0.57799,                0.41533,                0.45948,                0.25628,                 1.2526,                0.70266,                0.93953,               0.002278,               0.002278,               0.002278
                     80,                 1.2678,                0.75246,                0.95991,                0.57781,                0.41589,                0.45994,                0.25628,                 1.2522,                 0.7024,                0.93935,               0.002179,               0.002179,               0.002179
                     81,                  1.263,                0.75003,                0.95824,                0.57898,                0.41674,                0.46046,                0.25655,                 1.2518,                0.70228,                0.93912,                0.00208,                0.00208,                0.00208
                     82,                 1.2626,                0.74783,                 0.9585,                0.57887,                0.41664,                0.46053,                 0.2569,                 1.2514,                0.70192,                0.93896,               0.001981,               0.001981,               0.001981
                     83,                 1.2616,                0.74583,                0.95781,                0.57885,                0.41774,                0.46082,                0.25705,                  1.251,                0.70164,                0.93882,               0.001882,               0.001882,               0.001882
                     84,                 1.2619,                0.74472,                0.95719,                0.57806,                0.41788,                0.46128,                0.25717,                 1.2507,                0.70152,                 0.9385,               0.001783,               0.001783,               0.001783
                     85,                 1.2594,                0.74288,                0.95696,                0.58078,                0.41871,                0.46219,                0.25741,                 1.2504,                0.70137,                0.93833,               0.001684,               0.001684,               0.001684
                     86,                 1.2576,                0.74076,                0.95623,                0.58014,                0.41942,                0.46208,                 0.2578,                 1.2501,                  0.701,                0.93816,               0.001585,               0.001585,               0.001585
                     87,                  1.259,                0.74232,                0.95655,                0.58472,                0.41761,                 0.4623,                0.25789,                 1.2498,                0.70065,                0.93798,               0.001486,               0.001486,               0.001486
                     88,                 1.2548,                0.73776,                0.95484,                 0.5814,                0.41873,                0.46215,                0.25795,                 1.2496,                0.70036,                0.93775,               0.001387,               0.001387,               0.001387
                     89,                 1.2526,                 0.7353,                0.95461,                 0.5797,                0.41822,                0.46221,                0.25816,                 1.2493,                0.70018,                0.93759,               0.001288,               0.001288,               0.001288
                     90,                 1.2523,                0.73466,                0.95433,                0.57871,                0.41895,                 0.4624,                0.25816,                 1.2491,                0.69994,                0.93746,               0.001189,               0.001189,               0.001189
                     91,                 1.2877,                0.73545,                0.95786,                0.57749,                0.42041,                0.46296,                 0.2583,                 1.2489,                0.69996,                0.93723,                0.00109,                0.00109,                0.00109
                     92,                 1.2833,                0.72917,                0.95609,                0.58041,                0.42018,                0.46286,                0.25836,                 1.2487,                0.69999,                0.93711,               0.000991,               0.000991,               0.000991
                     93,                 1.2807,                0.72698,                0.95502,                0.58313,                0.41673,                0.46294,                0.25853,                 1.2485,                    0.7,                0.93689,               0.000892,               0.000892,               0.000892
                     94,                 1.2792,                0.72403,                 0.9541,                0.58065,                0.41943,                0.46311,                0.25857,                 1.2484,                0.70003,                0.93665,               0.000793,               0.000793,               0.000793
                     95,                 1.2752,                0.72015,                0.95222,                0.57819,                0.41988,                0.46297,                0.25876,                 1.2482,                0.69996,                 0.9364,               0.000694,               0.000694,               0.000694
                     96,                  1.273,                0.71732,                 0.9517,                0.57651,                0.42121,                0.46311,                0.25908,                 1.2481,                0.69975,                0.93613,               0.000595,               0.000595,               0.000595
                     97,                 1.2706,                0.71468,                0.95046,                0.57728,                 0.4214,                0.46332,                0.25919,                 1.2479,                0.69962,                0.93589,               0.000496,               0.000496,               0.000496
                     98,                 1.2679,                0.71205,                0.95037,                0.57937,                0.41943,                0.46274,                 0.2591,                 1.2477,                0.69948,                0.93568,               0.000397,               0.000397,               0.000397
                     99,                  1.266,                0.70844,                0.95009,                0.57896,                0.42194,                0.46362,                0.25937,                 1.2476,                0.69928,                0.93555,               0.000298,               0.000298,               0.000298
                    100,                 1.2641,                0.70654,                0.94944,                0.57698,                0.42289,                0.46378,                0.25921,                 1.2477,                0.69925,                0.93546,               0.000199,               0.000199,               0.000199
