arm,seed,AP50,AP50_95,delta_AP50_pp,delta_AP50_95_pp,state_sha256
control,0,0.46438143776573104,0.25891671670388433,0.0,0.0,076af7a7c40b6107b5c4cc9dce538d18946b78038d9df5c11db615a580824d72
control,1,0.4641638922002894,0.25910745688486403,0.0,0.0,15b82d5eb0e2ba34c256aedde21377338795ca1f63d03ec426f8de72109725b2
control,2,0.4644880633347694,0.259346735346848,0.0,0.0,eb056b4f3a2270e11699ff4d62248a016bc11e76a13433bee62fbca1924d05e0
mse,0,0.4640834244124868,0.2585813527478697,-0.029801335324425304,-0.033536395601463376,8e54c60a76c522ef54ab92bb8e17a9328aad6ae7fb0f8097d6519d04d450bbb2
mse,1,0.4639513422638529,0.25875575484510943,-0.021254993643654574,-0.03517020397545978,aa4ff9bafec59f597ce1390a1b27593ffe2e43aad809b3a185b2ac2382ea512d
mse,2,0.46448567524412665,0.2590759708003013,-0.00023880906427353743,-0.02707645465466757,623ed569595890f1c49a22a085581cadc6b665e501619d2f1b3a9893320ca0fd
cwd,0,0.4630498252386518,0.2581313007317489,-0.13316125270792512,-0.07854159721354392,027c50baab111c26f6b4b277e053018e85f4a7dde10c7602bb18e91d30cbece1
cwd,1,0.4637515749673697,0.2586999669578435,-0.04123172329197344,-0.04074899270205545,78cfa5d0294ab01f2fc928d196e95588243d77d392d3339f52ae141b14291a96
cwd,2,0.46299178891576087,0.2581873549873202,-0.14962744190085142,-0.1159380359527784,80f15daad9081bb60c41c4daa12ca9e44310a2e58825584aa45c7964e63ac482
