name,group,car_easy_AP_R40,car_moderate_AP_R40,car_hard_AP_R40,pedestrian_easy_AP_R40,pedestrian_moderate_AP_R40,pedestrian_hard_AP_R40,two_class_moderate_AP_R40,checkpoint_sha256,predictions_sha256,arm,seed
archived_nano,archived,0.8903933480186165,0.7828327824715944,0.6426720626978067,0.7331013263510646,0.6480502874848534,0.5742829713930867,0.7154415349782239,24a99206fb524134d66db0a112c469199906981b18910b3d9603d8fddccf9304,cff091c2e9c8f7a6ac741cef28ef54f9ac5f342c137d9c0c437334d1bbe314e8,,
archived_pruned_r15,archived,0.9024976660460002,0.7730019128308533,0.6356596401894347,0.7049014960432377,0.618610526121724,0.5501640325002055,0.6958062194762886,27c385b230f891d50e11edf2cbf3f11bcde0f68d9c4969b518f008397d388ede,2d70847e8526ef5fbeb7ef3d5802db87de6c8f3504c496e2b2d0c41967b9fe09,,
archived_pruned_r30,archived,0.8844393649962267,0.7642994118103643,0.6261810264880847,0.6275964780047624,0.5417832444815183,0.4814538368723985,0.6530413281459413,9d740f4fb56339239047c59f48494b520b0d81d0fb564b5be6168deec03f4f48,8a6e20a1bdf76c02eb446ae0d7387429fdc3fee645ac5f230ac5df5973f9a571,,
archived_pruned_r45,archived,0.893041760352426,0.7548227557299936,0.617755579341406,0.6094571788727949,0.5263877393974549,0.4676594898162671,0.6406052475637243,09c7d8e3e58bd889cfeaf9efadf3a142e0f672fc615600f75118d7a2161a89c5,2485411efe6ee3f3a5ca528f8dbfad7bfb677fe6de12f4f020e11f81a632a6bb,,
archived_recovery_kd,archived,0.8929550991575804,0.7556528668640929,0.6186671283618888,0.6014986259011288,0.5124779289645865,0.45307715246403457,0.6340653979143398,61c0896721c907235a4844760b4adab52fac98efa807d717788f85ed70c99005,0b567a3e91905e344ddc2fa4eb7d8805c0640da704c63a163ab2bdead5efdcf1,,
earlier_control_seed0_e20,earlier_continuation,0.8859749216556446,0.7767134839151119,0.6391846326955134,0.7310452749144608,0.6452241993399274,0.5720857547575422,0.7109688416275196,28d731105cb3021f3a36162b60503f054e6051d87f1c92850aa2b388199ec224,ad914a88cebdfca18ad7782a611672cc4f0cada5c601f36f0c93090563476b22,control,0
earlier_control_seed1_e20,earlier_continuation,0.8863812101781191,0.7771515298449945,0.6394762362021784,0.7318981727937525,0.6443995562503675,0.5711391214580965,0.710775543047681,bea68d1f971642f7a7657f6930257c49d8e80be4931c93a4d07a05164845769b,1b31930a454230d8434415cac10807760c58b1478697a3f3322802b911d11ecc,control,1
earlier_control_seed2_e20,earlier_continuation,0.886831174512757,0.7771429190264408,0.6397848866909849,0.7320079300952235,0.6433309319750564,0.5699962139975744,0.7102369255007486,bcc5abeb9b962dc9f857b4a3c4cd4a63481f95fc50851c0734ebe484f79b8aaf,a8e01135d24fc636ede70b8869b8bc70213a3913be24af56bf1501443aad2e32,control,2
earlier_mse_seed0_e20,earlier_continuation,0.8888012608739417,0.7780157277232421,0.6402021603950974,0.7302428526237263,0.6442050219199067,0.57078583740976,0.7111103748215744,f4bc2b0f635cd473ee579571184d9da69944a11febf3a410e67ab20d6da9326c,38d0fd05d32938ad5bed12cc3e5eb7cee273cc37f661964affe1ba3a0007a138,mse,0
earlier_mse_seed1_e20,earlier_continuation,0.887134341009987,0.7778213870504115,0.6398554743807405,0.7288305054829881,0.6413135290261682,0.5676045633639608,0.7095674580382898,6722044ebb576b20483abe15538239128f2b558b23548979f24e3e75f512908b,d6869366dffbaf9bbee36b230b61b7f39a319dc0f54c0b44ebacdac2a0784165,mse,1
earlier_mse_seed2_e20,earlier_continuation,0.8873269222053861,0.7771745813836575,0.6397887971225158,0.7317525941358732,0.6433896571186491,0.5701467896940313,0.7102821192511533,6f3143b904fbd53d7f21f460bcc0ced83e316e09e8780962f10eb90aaa438f27,5ee6b2aab5b56c29affe766108be8b82acabb09287e9a4de4ebb6a1cb7c99983,mse,2
earlier_cwd_seed0_e20,earlier_continuation,0.889020728191895,0.7784603403146928,0.6411969692501429,0.7303755498384413,0.6439738335993163,0.5697740308602106,0.7112170869570045,46146e5323bdddeaa05b0837d4b0fe0c5496fe12716ac70899aa0144f931d239,ae954a7b889957c76d5de9418b01721fa3b54bb7f95f2a63d5e59c8764ae5a4e,cwd,0
earlier_cwd_seed1_e20,earlier_continuation,0.8892908660430578,0.7786398430813888,0.6402858547632836,0.729265495997398,0.6423558748664554,0.5677325373061606,0.7104978589739221,487e0a4ecb814725a342cde93a0c046371af2508aa5cc6d3a2a7f7ef83f1acc4,64c478f6336a51f051aaf457fb1285ddb0841a32100c0b33b36f2a639526c812,cwd,1
earlier_cwd_seed2_e20,earlier_continuation,0.8874903172564057,0.7768004057702991,0.6400129373563469,0.7306847963887947,0.642589351192106,0.5689656922993527,0.7096948784812025,5f5901a0f393c0e4ee2d44993a6c8f6d664c521e227a9b749cb7a59a2de12f41,543928bb1d924f04beeb394e16f5ee076c65ba6e051ae539c6d6673ec3a6e385,cwd,2
clean_nano,clean_base,0.8868396275246021,0.7797394658674504,0.6413618425153542,0.7240359720371641,0.6364828674845043,0.5620002660587587,0.7081111666759774,63c03589fe1dcd7a5d5d2996fa64d51be250b3fdbfb09163b9d93e1882fe4273,1e409996d0dc3b1ee8fca65d178c3e19edaebe1530a6fbc1845faa9e7de642f5,,
clean_large,clean_base,0.8839332501455192,0.7963290515370136,0.656186339961459,0.8204461248919852,0.7389804881168625,0.6548623908721651,0.767654769826938,542ffff61f95ae5ebda53b1279cf9b238e754fe9b149b0c98fc686d55e9a7bd2,e022f54792c59e79016a94ff0d601439b2a23cfb8f1d4a158ea6abbfae376c75,,
clean_control_seed0_e20,clean_continuation,0.884520349356458,0.7758499984241416,0.6379278618906685,0.7156486456603024,0.6286822424837313,0.5545693479365408,0.7022661204539364,2f6170e6fb34954cab3be149691223d3d46b96d64308b411d518538119816a8d,27216f827e6e5faa5b7322152586fa110adb8a77989116a13a6dd54a539eea62,control,0
clean_control_seed1_e20,clean_continuation,0.8841410109968098,0.7754973409469634,0.6371526746867685,0.7150692286121215,0.6265628916522903,0.5536780748666656,0.7010301162996269,a436e5a17049105ba1ab214065e3dd6570a4d5f5fd559f0034be37163bafe186,a66ef8c8afc69da976952230a16a40578b1434a99fccd14b8a93527d4db6a628,control,1
clean_control_seed2_e20,clean_continuation,0.8851643053347901,0.7761610357982929,0.6379095996648267,0.7141207336116254,0.6272000876078749,0.5537372708758727,0.7016805617030839,023322e142827c540675ece05c1db0c6bc7826152bf9dc1004abd8efe197acfc,86dc559d52dac61f8eb369f6eef8fbdb6c2f209bb9706047ee7a9193f1497dd5,control,2
clean_mse_seed0_e20,clean_continuation,0.8836892806306228,0.7757604642061411,0.6372083897698577,0.7166644372824523,0.6289293430674262,0.5549165064651927,0.7023449036367837,08f085276c5ddfaaa86d5491ab968d6106718c3d0618edcfdfd95696926e651a,20fe8c72ab7243951f263e99ca3ad9daaaa5134d315884b35ad3b7182e9de3f5,mse,0
clean_mse_seed1_e20,clean_continuation,0.8844088990459598,0.7757879825336006,0.6372395272417277,0.7153253707250147,0.6275615603508291,0.5551640785264931,0.7016747714422149,10129d04eb5695b51c112d1bb5fd03a0f661cef81cae0496f402ed594b51c64b,07d05160b83bb6d9e916ae7fb5be1119581ea70be85934f9cdd670cd7fb2ce2a,mse,1
clean_mse_seed2_e20,clean_continuation,0.8826284110546794,0.7760202679314698,0.637311344169942,0.7151105640220978,0.6281168900437978,0.5546804094053229,0.7020685789876338,94a1afe5b299059bd495abc3dbf741ff5133a5094fa5eb87da8475865c918be7,af36c6fdcccb7cf4c4ab575813d4eb62b64b1b7c351eca6ec7bd91dbf3efe6fd,mse,2
clean_cwd_seed0_e20,clean_continuation,0.8863194651317714,0.7755649368122145,0.637089511874591,0.7173141165354858,0.629118301433421,0.5553335174410179,0.7023416191228178,fd45e94dc970f9f86f7c10b628afa6e256a757c39ab147d2cdba1f914f3b7eb6,48245f5a2bbce3e906e5387c558ea1c184cded0a0926d23346a9c49c90d2288e,cwd,0
clean_cwd_seed1_e20,clean_continuation,0.8851755000083668,0.775961273792472,0.6373855689792746,0.715470705649411,0.6280257950533171,0.5541803125056217,0.7019935344228946,c9a1ee45eef17f632b9d5e7cac6d3e60a1934b65c0597e0019d7ba48fb76dade,6d99f8bdd4ae9d260ed87b1ec3142ec0cf94f6005df8db78778ed83927dba5b2,cwd,1
clean_cwd_seed2_e20,clean_continuation,0.8835301273376918,0.7777523842205443,0.6383800519290687,0.7209797995741882,0.6320231335146566,0.557072088790582,0.7048877588676004,550cdfb94b932e31243c062b1eddda9c931dfe5c166780b54a016852c8112217,a1735cd81741bc4c63184110ee53e1764723cbb45d1372d20504ea39913f4310,cwd,2
