epoch,det_loss,kd_loss,seconds
1,203.10529316234414,0.9380526086094174,360.96453619003296
2,200.88440267782542,0.8456090198901279,360.1075134277344
3,199.18203229049877,0.8075823893385787,381.5558898448944
4,197.87593732760638,0.7861917023249039,358.8658983707428
5,197.23669734864174,0.7692618390214945,358.5295960903168
6,196.58578799455213,0.7560912941121096,358.41985535621643
7,195.79699288600105,0.7436449332145711,358.40594840049744
8,195.42736919619264,0.7341268291965917,358.2941300868988
9,195.283807688265,0.7230189965673512,358.40681886672974
10,194.62657484929784,0.7143625043863788,358.336788892746
