arm,seed,AP50,AP50_95,delta_AP50_pp,delta_AP50_95_pp,state_sha256
control,0,0.4635253688184995,0.2589028692234145,0.0,0.0,721eb17bcc192fb02a8d93384c54186ffc9c99d2c2ea3dcbb2d833b4ac120d19
control,1,0.4634424691704469,0.25905867124881926,0.0,0.0,515775c18f87d8c126088325cfbfa13021a13f84dee165194e0387d225318da8
control,2,0.46445977723742427,0.25940224890120933,0.0,0.0,15aea96c878dfe834f9a4c0ce57027e30f3eae9eeb86d4ca06cdfc020103ab70
mse,0,0.46354949425930003,0.258554395189998,0.002412544080054868,-0.03484740334164793,576fc5b492b35790eed3321b2708233c674bf4f1797b0018b81e163d097699ae
mse,1,0.46312038375626796,0.2590812417422433,-0.03220854141789409,0.0022570493424023397,d0fdef1663e868e289059e830f9ec994d88736da6b79626c9661611717cff4ba
mse,2,0.46415373000424687,0.25897565777115344,-0.03060472331773978,-0.04265911300558867,38ed6dc8507fe2d63dcca20d9dffea08ed58ca75b124d8ae12aec28df40684d0
cwd,0,0.4632695096275545,0.25883866703734987,-0.025585919094500698,-0.006420218606462136,e65dd00a68719c496bbf7adca46eadaca54dfe658c188146a33a846ff010f73c
cwd,1,0.4624765230783705,0.25878661070808756,-0.09659460920763974,-0.027206054073170005,26580e73b9f4d4d1580910fc262ea62c71d289c77a78671d2e6baf3a8b45ff70
cwd,2,0.46434834314664625,0.25905265613852935,-0.011143409077801758,-0.03495927626799844,12733dd673887cde3424d129a632addcfccbcd65c032cf82aaff9f165eaed1d7
