arm,seed,group,metric,value,matched_control,delta_pp
control,0,all10,AP50,0.4636894881986916,0.4636894881986916,0.0
control,1,all10,AP50,0.4635947837734299,0.4635947837734299,0.0
control,2,all10,AP50,0.4644872859132829,0.4644872859132829,0.0
control,0,all10,AP50_95,0.2589364937623658,0.2589364937623658,0.0
control,1,all10,AP50_95,0.2591103116587082,0.2591103116587082,0.0
control,2,all10,AP50_95,0.2594300749136554,0.2594300749136554,0.0
control,0,daytime,AP50,0.5190684851527222,0.5190684851527222,0.0
control,1,daytime,AP50,0.5191951216750962,0.5191951216750962,0.0
control,2,daytime,AP50,0.5198464219973862,0.5198464219973862,0.0
control,0,daytime,AP50_95,0.29358171980308045,0.29358171980308045,0.0
control,1,daytime,AP50_95,0.2937610566128272,0.2937610566128272,0.0
control,2,daytime,AP50_95,0.29390301082290204,0.29390301082290204,0.0
control,0,night,AP50,0.5051322196979604,0.5051322196979604,0.0
control,1,night,AP50,0.5047304757651039,0.5047304757651039,0.0
control,2,night,AP50,0.5064980276213714,0.5064980276213714,0.0
control,0,night,AP50_95,0.2751549190027069,0.2751549190027069,0.0
control,1,night,AP50_95,0.2760935504983594,0.2760935504983594,0.0
control,2,night,AP50_95,0.27699793091387837,0.27699793091387837,0.0
control,0,dawn/dusk,AP50,0.5035665682223969,0.5035665682223969,0.0
control,1,dawn/dusk,AP50,0.4994004389019224,0.4994004389019224,0.0
control,2,dawn/dusk,AP50,0.5018885839005768,0.5018885839005768,0.0
control,0,dawn/dusk,AP50_95,0.2911481921070121,0.2911481921070121,0.0
control,1,dawn/dusk,AP50_95,0.2878720763018971,0.2878720763018971,0.0
control,2,dawn/dusk,AP50_95,0.28922631082620054,0.28922631082620054,0.0
mse,0,all10,AP50,0.463521905323588,0.4636894881986916,-0.016758287510360015
mse,1,all10,AP50,0.46306857587991657,0.4635947837734299,-0.052620789351331965
mse,2,all10,AP50,0.4641526563728481,0.4644872859132829,-0.03346295404348387
mse,0,all10,AP50_95,0.2585521199776276,0.2589364937623658,-0.038437378473821227
mse,1,all10,AP50_95,0.2590406739002326,0.2591103116587082,-0.006963775847557141
mse,2,all10,AP50_95,0.2589686917053953,0.2594300749136554,-0.046138320826005774
mse,0,daytime,AP50,0.5192639072998833,0.5190684851527222,0.019542214716106177
mse,1,daytime,AP50,0.5190548326204087,0.5191951216750962,-0.014028905468743691
mse,2,daytime,AP50,0.5198789929654231,0.5198464219973862,0.003257096803688242
mse,0,daytime,AP50_95,0.29320842077608067,0.29358171980308045,-0.03732990269997849
mse,1,daytime,AP50_95,0.29400747513205006,0.2937610566128272,0.02464185192228574
mse,2,daytime,AP50_95,0.2937981226288813,0.29390301082290204,-0.01048881940207691
mse,0,night,AP50,0.5050293193731606,0.5051322196979604,-0.010290032479975952
mse,1,night,AP50,0.5036048463688112,0.5047304757651039,-0.11256293962926822
mse,2,night,AP50,0.5067567274982995,0.5064980276213714,0.025869987692805907
mse,0,night,AP50_95,0.2752102198489021,0.2751549190027069,0.005530084619520537
mse,1,night,AP50_95,0.2756265545823931,0.2760935504983594,-0.04669959159662729
mse,2,night,AP50_95,0.27617405893662716,0.27699793091387837,-0.08238719772512004
mse,0,dawn/dusk,AP50,0.502176730089752,0.5035665682223969,-0.13898381326448161
mse,1,dawn/dusk,AP50,0.49846654538482543,0.4994004389019224,-0.09338935170969953
mse,2,dawn/dusk,AP50,0.5002917264921973,0.5018885839005768,-0.15968574083794485
mse,0,dawn/dusk,AP50_95,0.28914426216270006,0.2911481921070121,-0.2003929944312033
mse,1,dawn/dusk,AP50_95,0.28767330312197814,0.2878720763018971,-0.019877317991895405
mse,2,dawn/dusk,AP50_95,0.2877722805649287,0.28922631082620054,-0.14540302612718325
cwd,0,all10,AP50,0.46328968414668575,0.4636894881986916,-0.03998040520058477
cwd,1,all10,AP50,0.46245854457451613,0.4635947837734299,-0.11362391989137577
cwd,2,all10,AP50,0.46445715240844637,0.4644872859132829,-0.0030133504836549196
cwd,0,all10,AP50_95,0.2588872245035223,0.2589364937623658,-0.0049269258843520625
cwd,1,all10,AP50_95,0.2588800652004538,0.2591103116587082,-0.02302464582543684
cwd,2,all10,AP50_95,0.25914025239666644,0.2594300749136554,-0.02898225169889468
cwd,0,daytime,AP50,0.5186168080449259,0.5190684851527222,-0.04516771077962556
cwd,1,daytime,AP50,0.5180447208574157,0.5191951216750962,-0.11504008176804748
cwd,2,daytime,AP50,0.5200206208060598,0.5198464219973862,0.017419880867364235
cwd,0,daytime,AP50_95,0.29359564382187825,0.29358171980308045,0.0013924018797795146
cwd,1,daytime,AP50_95,0.29351784194314307,0.2937610566128272,-0.024321466968413308
cwd,2,daytime,AP50_95,0.29412226947383613,0.29390301082290204,0.021925865093408436
cwd,0,night,AP50,0.5049032338210397,0.5051322196979604,-0.022898587692066208
cwd,1,night,AP50,0.5036991633497396,0.5047304757651039,-0.10313124153642494
cwd,2,night,AP50,0.506219224104419,0.5064980276213714,-0.027880351695241945
cwd,0,night,AP50_95,0.2752135840682638,0.2751549190027069,0.005866506555690654
cwd,1,night,AP50_95,0.2756517292394238,0.2760935504983594,-0.04418212589355486
cwd,2,night,AP50_95,0.2755869014904922,0.27699793091387837,-0.14110294233861675
cwd,0,dawn/dusk,AP50,0.5041355326062461,0.5035665682223969,0.05689643838492353
cwd,1,dawn/dusk,AP50,0.5003378107701703,0.4994004389019224,0.09373718682478271
cwd,2,dawn/dusk,AP50,0.5041285260229966,0.5018885839005768,0.22399421224198468
cwd,0,dawn/dusk,AP50_95,0.29038021410288195,0.2911481921070121,-0.07679780041301432
cwd,1,dawn/dusk,AP50_95,0.28924970191937144,0.2878720763018971,0.1377625617474343
cwd,2,dawn/dusk,AP50_95,0.2893165830392806,0.28922631082620054,0.009027221308005595
