artifact,population,images,classes,AP50,AP50_95
yolov8n_pruned_finetuned,all,10000,10,0.380617362425205,0.20875211565209412
yolov8n_pruned_finetuned,dawn/dusk,778,9,0.4023249306896617,0.22760836437892026
yolov8n_pruned_finetuned,daytime,5258,9,0.42520417184451853,0.23807268067896478
yolov8n_pruned_finetuned,night,3929,9,0.4194998235503264,0.2187783641572406
yolov8n_pruned_finetuned,undefined,35,9,,
yolov8l_baseline,all,10000,10,0.5832727454486527,0.34232511263329146
yolov8l_baseline,dawn/dusk,778,9,0.6430540781883988,0.3812862683399017
yolov8l_baseline,daytime,5258,9,0.6571779006511793,0.3919664313067208
yolov8l_baseline,night,3929,9,0.620763432919051,0.35343476740759433
yolov8l_baseline,undefined,35,9,,
yolov8n_pruned_r15_finetuned_v2,all,10000,10,0.42401345491178033,0.23264548806560958
yolov8n_pruned_r15_finetuned_v2,dawn/dusk,778,9,0.4809127438063153,0.2646451042548243
yolov8n_pruned_r15_finetuned_v2,daytime,5258,9,0.47151937266869814,0.26311138154291247
yolov8n_pruned_r15_finetuned_v2,night,3929,9,0.4679399968192709,0.24921745405415585
yolov8n_pruned_r15_finetuned_v2,undefined,35,9,,
yolov8n_pruned_r45_finetuned,all,10000,10,0.3707081018917611,0.20166420572664362
yolov8n_pruned_r45_finetuned,dawn/dusk,778,9,0.3916100401776228,0.21918007396610814
yolov8n_pruned_r45_finetuned,daytime,5258,9,0.4104094218465755,0.2272975182179466
yolov8n_pruned_r45_finetuned,night,3929,9,0.41367999185892235,0.2177013649912584
yolov8n_pruned_r45_finetuned,undefined,35,9,,
yolov8n_pruned_r45_kd,all,10000,10,0.3669682834599174,0.2004682539246609
yolov8n_pruned_r45_kd,dawn/dusk,778,9,0.3874784860109297,0.2187485800421025
yolov8n_pruned_r45_kd,daytime,5258,9,0.4072784291116531,0.22623911392731177
yolov8n_pruned_r45_kd,night,3929,9,0.4079901341073096,0.2162127086073192
yolov8n_pruned_r45_kd,undefined,35,9,,
yolov8n_baseline,all,10000,10,0.4635372070747694,0.25951422040889666
yolov8n_baseline,dawn/dusk,778,9,0.4996407236380302,0.2894095214146326
yolov8n_baseline,daytime,5258,9,0.518612661613947,0.2945593346297664
yolov8n_baseline,night,3929,9,0.507675187020687,0.27534252859369746
yolov8n_baseline,undefined,35,9,,
yolov8s_baseline,all,10000,10,0.5358436231160024,0.3063090824745047
yolov8s_baseline,dawn/dusk,778,9,0.5871727089215528,0.33828159819174447
yolov8s_baseline,daytime,5258,9,0.5993895012744679,0.3483517293169118
yolov8s_baseline,night,3929,9,0.578293636211758,0.31876209447315423
yolov8s_baseline,undefined,35,9,,
